accuracy_rfc,accuracy_svm
77.64976958525345,62.44239631336406
